{
    "questions": [
        {
            "id": 1,
            "question": "净化不能解以下哪个效果？",
            "options": ["眩晕", "击飞", "嘲讽", "引燃"],
            "answer": 1
        },
        {
            "id": 2,
            "question": "兰德里的折磨每秒能对敌人造成百分之几的最大生命值伤害？",
            "options": ["1%", "3%", "2%", "4%"],
            "answer": 2
        },
        {
            "id": 3,
            "question": "以下哪个装备不能提供护盾？",
            "options": ["斯特拉克的挑战护手", "炽天使之拥", "饮血剑", "石像鬼板甲"],
            "answer": 2
        },
        {
            "id": 4,
            "question": "峡谷先锋最多可以撞防御塔几次？",
            "options": ["1次", "2次", "3次", "无限次"],
            "answer": 1
        },
        {
            "id": 5,
            "question": "以下哪个英雄没有真实伤害技能？",
            "options": ["薇恩", "奥拉夫", "艾克", "盖伦"],
            "answer": 3
        },
        {
            "id": 6,
            "question": "召唤师技能闪现的冷却时间是多少秒？",
            "options": ["300秒", "240秒", "180秒", "150秒"],
            "answer": 0
        },
        {
            "id": 7,
            "question": "以下哪个装备不能减少技能冷却时间？",
            "options": ["纳沃利迅刃", "黑色切割者", "幻影之舞", "明朗之靴"],
            "answer": 2
        },
        {
            "id": 8,
            "question": "元素亚龙刷新间隔时间是多久？",
            "options": ["3分钟", "4分钟", "5分钟", "6分钟"],
            "answer": 2
        },
        {
            "id": 9,
            "question": "以下哪个英雄的被动技能与收集无关？",
            "options": ["赛娜", "巴德", "锤石", "戏命师"],
            "answer": 3
        },
        {
            "id": 10,
            "question": "破败王者之刃的近战效果造成多少目标当前生命值的伤害？",
            "options": ["6%", "8%", "9%", "12%"],
            "answer": 2
        },
        {
            "id": 11,
            "question": "以下哪个控制效果持续时间最长？",
            "options": ["莫甘娜的Q", "拉克丝的Q", "机器人的Q", "锤石的Q"],
            "answer": 0
        },
        {
            "id": 12,
            "question": "惩戒对野怪造成的真实伤害是多少？",
            "options": ["390-1000", "450-900", "600-1200", "600-1500"],
            "answer": 2
        },
        {
            "id": 13,
            "question": "以下哪个装备不能提供生命偷取？",
            "options": ["破败王者之刃", "死亡之舞", "饮血剑", "贪欲九头蛇"],
            "answer": 1
        },
        {
            "id": 14,
            "question": "英雄达到15级需要多少经验值？",
            "options": ["11800", "12800", "13800", "14800"],
            "answer": 2
        },
        {
            "id": 15,
            "question": "以下哪个英雄的大招不是全球流？",
            "options": ["卡牌大师", "死歌", "寒冰射手", "潘森"],
            "answer": 2
        },
        {
            "id": 16,
            "question": "守护天使的复活冷却时间是多少秒？",
            "options": ["180秒", "240秒", "300秒", "360秒"],
            "answer": 2
        },
        {
            "id": 17,
            "question": "以下哪个装备不能提供攻速？",
            "options": ["幻影之舞", "纳沃利迅刃", "卢安娜的飓风", "死亡之舞"],
            "answer": 3
        },
        {
            "id": 18,
            "question": "奖励题目 选B就对了",
            "options": ["A", "B", "C", "D"],
            "answer": 1
        },
        {
            "id": 19,
            "question": "以下哪个英雄没有位移技能？",
            "options": ["德莱文", "卡莎", "卢锡安", "伊泽瑞尔"],
            "answer": 0
        },
        {
            "id": 20,
            "question": "多米尼克领主的致意对生命值高于自己的敌人最多造成多少额外伤害？",
            "options": ["15%", "20%", "25%", "30%"],
            "answer": 2
        },
        {
            "id": 21,
            "question": "以下哪个英雄的被动技能与层数无关？",
            "options": ["狗头", "小法", "锤石", "亚索"],
            "answer": 3
        },
        {
            "id": 22,
            "question": "水银饰带可以解除以下哪个效果？",
            "options": ["虚弱", "点燃", "劫的大招", "以上全部"],
            "answer": 3
        },
        {
            "id": 23,
            "question": "以下哪个装备的被动效果与移动无关？",
            "options": ["亡者的板甲", "三相之力", "幽梦之灵", "深渊面具"],
            "answer": 3
        },
        {
            "id": 24,
            "question": "远古巨龙buff持续多少秒？",
            "options": ["120秒", "150秒", "180秒", "210秒"],
            "answer": 1
        },
        {
            "id": 25,
            "question": "以下哪个英雄的大招冷却时间最长（1级R时）？",
            "options": ["死歌", "艾希", "卡牌", "慎"],
            "answer": 0
        },
        {
            "id": 26,
            "question": "海克斯科技火箭腰带的最大位移距离是多少？",
            "options": ["275", "300", "325", "350"],
            "answer": 1
        },
        {
            "id": 27,
            "question": "以下哪个装备不能提供魔法抗性？",
            "options": ["自然之力", "振奋盔甲", "兰顿之兆", "深渊面具"],
            "answer": 2
        },
        {
            "id": 28,
            "question": "英雄达到3级需要多少经验值？",
            "options": ["180", "220", "280", "340"],
            "answer": 2
        },
        {
            "id": 29,
            "question": "以下哪个英雄的Q技能不是指向性技能？",
            "options": ["安妮", "维克托", "斯莫德", "拉克丝"],
            "answer": 3
        },
        {
            "id": 30,
            "question": "金身的主动效果持续时间是多少秒？",
            "options": ["2秒", "2.5秒", "3秒", "3.5秒"],
            "answer": 1
        }
    ]
}